zeta,rhohat
0,1
5,0.18969247
10,0.078754266
15,0.043576108
20,0.028083943
30,0.015077016
40,0.0098643063
