zeta,vhat,vhat_err
0,1,0.02
5,0.3967225,0.018
10,0.23171233,0.016
15,0.17968648,0.014
20,0.13117793,0.012
30,0.098102226,0.01
40,0.071063802,0.009
