zeta,Ahat
0,1
5,6.6761197
10,16.693811
15,31.053074
20,49.753909
30,100.18029
40,167.97297
