zeta,vhat
0,1
5,0.3867225
10,0.23971233
15,0.17368648
20,0.13617793
30,0.095102226
40,0.073063802
